{
  "generation": "3-optimized",
  "timestamp": 1755993740.0726035,
  "duration": 300,
  "performance_metrics": {
    "avg_reward": 181.73301795259093,
    "high_performance_rate": 0.0,
    "avg_shape_error": 2.44014197841865,
    "avg_quantum_coherence": 0.5610317290218038,
    "avg_fusion_performance": 0.12947730667723734,
    "total_steps": 300,
    "experiment_duration": 0.04834175109863281,
    "steps_per_second": 6205.815742750049,
    "final_performance": [
      216.24975985245564,
      201.98826781664394,
      198.688128544084,
      196.43267646894594,
      217.19321238484102,
      217.3842395610776,
      214.95596063032573,
      196.91084155436153,
      213.49081218192472,
      209.597538404231
    ]
  },
  "optimization_results": {
    "avg_improvement": 0.2071608436726584,
    "improvement_trend": 0.30995952179204816,
    "optimization_iterations": 300,
    "best_performance": 252.5087259010313,
    "adaptation_events": 1
  },
  "scalability_analysis": {
    "cache_hit_rate": 0.0,
    "memory_efficiency": 300,
    "computational_efficiency": 6205.815742750049,
    "safety_intervention_rate": 0.63
  },
  "breakthrough_validation": {
    "shape_error_improvement": 0.49163708782944787,
    "fusion_performance_improvement": 0.2947730667723733,
    "quantum_coherence_enhancement": 0.8701057634060126,
    "overall_improvement": 0.552171972669278,
    "performance_target_achieved": false,
    "quantum_advantage_demonstrated": true,
    "fusion_enhancement_achieved": true
  },
  "success_criteria": {
    "high_performance_rate": false,
    "shape_error_target": false,
    "quantum_coherence": false,
    "optimization_improvement": true,
    "scalability_efficiency": true,
    "breakthrough_achieved": true
  }
}