{
  "metadata": {
    "timestamp": "2025-08-21T21:57:43.956466",
    "n_trials": 30,
    "version": "7.0",
    "research_hypothesis": "Quantum superposition enables 40%+ improvement in control performance"
  },
  "methods": {
    "ITER_standard": {
      "classical_pid": {
        "mean_performance": 62.07397125158617,
        "std_performance": 0.22951451780752768,
        "mean_control_effort": 3.8430143742069105,
        "success_rate": 1.0,
        "raw_data": [
          61.89599051939962,
          61.616855847399684,
          62.31395146278022,
          62.38738766912749,
          61.67065058842512,
          62.16548088700626,
          61.99939095512308,
          62.04445590719218,
          62.50152127149174,
          61.648684948681144,
          62.186635189738695,
          62.03296777595553,
          61.98224497616739,
          62.321772363048446,
          61.8733490342829,
          62.31767779560201,
          62.00530508975333,
          62.34204901555654,
          62.046415532071165,
          62.4262946579956,
          61.89768686814594,
          61.95527809282043,
          62.01730457991356,
          62.05142240120845,
          62.200968849189735,
          62.11071682251218,
          62.09030703915007,
          62.10462891684271,
          62.258738965613176,
          61.75300352539073
        ]
      },
      "mpc_advanced": {
        "mean_performance": 78.77768824530231,
        "std_performance": 1.3229881586553693,
        "mean_control_effort": 1.6778706743965701,
        "success_rate": 1.0,
        "raw_data": [
          77.96989581784467,
          77.40560294319033,
          78.66008276133519,
          80.7233101789817,
          76.57637044663782,
          80.3840606988579,
          77.76716650423378,
          79.57190275920196,
          78.48561902362187,
          77.78507700718784,
          78.93054919397329,
          79.21044125032216,
          77.86059618869689,
          77.53296051408387,
          78.70031546149463,
          80.8681921844512,
          80.95459241730232,
          79.8273664502261,
          79.95489346955063,
          78.07086921294601,
          80.25046184148506,
          78.62371124117472,
          80.73305330456438,
          78.2465083530021,
          78.13247322206243,
          80.5414167590835,
          78.4904657361465,
          76.86101669560574,
          77.55326019500893,
          76.65841552679603
        ]
      },
      "quantum_enhanced": {
        "mean_performance": 71.99850511581981,
        "std_performance": 0.0,
        "mean_control_effort": 0.6666666666666666,
        "mean_quantum_coherence": 0.6050060671375365,
        "success_rate": 0.0,
        "raw_data": [
          71.99850511581981,
          71.99850511581981,
          71.99850511581981,
          71.99850511581981,
          71.99850511581981,
          71.99850511581981,
          71.99850511581981,
          71.99850511581981,
          71.99850511581981,
          71.99850511581981,
          71.99850511581981,
          71.99850511581981,
          71.99850511581981,
          71.99850511581981,
          71.99850511581981,
          71.99850511581981,
          71.99850511581981,
          71.99850511581981,
          71.99850511581981,
          71.99850511581981,
          71.99850511581981,
          71.99850511581981,
          71.99850511581981,
          71.99850511581981,
          71.99850511581981,
          71.99850511581981,
          71.99850511581981,
          71.99850511581981,
          71.99850511581981,
          71.99850511581981
        ]
      },
      "statistical_significance": {
        "quantum_vs_pid_tstat": 236.8430163848393,
        "quantum_vs_pid_pvalue": 1.7826705536840202e-05,
        "quantum_vs_pid_improvement": 15.988237362822241,
        "quantum_vs_mpc_tstat": -28.06609792524437,
        "quantum_vs_mpc_pvalue": 0.0012678998089262659,
        "quantum_vs_mpc_improvement": -8.605460861421967,
        "effect_size_pid": 0.1598823736282224,
        "effect_size_mpc": 0.08605460861421968,
        "statistical_significance": true
      }
    },
    "high_beta_challenge": {
      "classical_pid": {
        "mean_performance": 32.46683030542592,
        "std_performance": 0.23790646461579293,
        "mean_control_effort": 6.946584847287039,
        "success_rate": 0.0,
        "raw_data": [
          32.582442968670684,
          32.06575275403354,
          32.46310215655661,
          32.512586279131504,
          32.1689775817587,
          32.34023819546755,
          32.65992590890492,
          32.57521627374946,
          32.552634801540336,
          32.34649527111544,
          32.53759773989322,
          32.694653030074136,
          32.84560636178725,
          32.22928789721451,
          32.81354171348894,
          32.18611387977033,
          32.07490973827677,
          32.31161282227096,
          32.645224614780645,
          32.193144832384334,
          32.22519354389142,
          32.28359823889194,
          32.89987906496172,
          32.589945831079305,
          32.86405154357033,
          32.32255214513421,
          32.38692827886372,
          32.71268414986579,
          32.527690979702946,
          32.3933205659464
        ]
      },
      "mpc_advanced": {
        "mean_performance": 53.43765010876729,
        "std_performance": 4.160825810202994,
        "mean_control_effort": 3.0063682409179355,
        "success_rate": 0.0,
        "raw_data": [
          51.16898517086379,
          52.89297323480263,
          49.07666569887789,
          54.26242478008832,
          59.26013616799759,
          47.79793768228488,
          57.861805580046294,
          47.43298234425056,
          50.598878094746794,
          60.07067406539345,
          49.52805593535301,
          47.66674357055915,
          58.32926317675825,
          58.548543066151645,
          55.013870927876475,
          51.025656189149146,
          52.456225441700745,
          55.847618850281926,
          53.68600031834839,
          47.249489954013356,
          58.31196816055959,
          52.79993435451681,
          50.12346541600228,
          51.068736316276734,
          53.05375152917938,
          56.063538398451755,
          59.206373258906595,
          47.50136171629992,
          57.98517109314729,
          57.2402727701341
        ]
      },
      "quantum_enhanced": {
        "mean_performance": 52.90146807878276,
        "std_performance": 0.20286020648339415,
        "mean_control_effort": 0.6777777777777777,
        "mean_quantum_coherence": 0.6050060671375365,
        "success_rate": 0.0,
        "raw_data": [
          52.9385051158198,
          52.9385051158198,
          52.9385051158198,
          52.9385051158198,
          52.9385051158198,
          52.9385051158198,
          52.9385051158198,
          52.9385051158198,
          52.9385051158198,
          52.9385051158198,
          52.9385051158198,
          52.9385051158198,
          52.9385051158198,
          52.9385051158198,
          52.9385051158198,
          52.9385051158198,
          52.9385051158198,
          52.9385051158198,
          52.9385051158198,
          52.9385051158198,
          51.827394004708694,
          52.9385051158198,
          52.9385051158198,
          52.9385051158198,
          52.9385051158198,
          52.9385051158198,
          52.9385051158198,
          52.9385051158198,
          52.9385051158198,
          52.9385051158198
        ]
      },
      "statistical_significance": {
        "quantum_vs_pid_tstat": 357.98538956835495,
        "quantum_vs_pid_pvalue": 7.80307905343237e-06,
        "quantum_vs_pid_improvement": 62.94004552067949,
        "quantum_vs_mpc_tstat": -0.7049816197090806,
        "quantum_vs_mpc_pvalue": 0.6680030806984361,
        "quantum_vs_mpc_improvement": -1.0033787580351732,
        "effect_size_pid": 0.6294004552067949,
        "effect_size_mpc": 0.010033787580351733,